NAME,POS,TEAM,DEPTH,Week 1,Week 2,Week 3,Week 4,Week 5,Week 6,Week 7,Week 8,Week 9,Week 10,Week 11,Week 12,Week 13,Week 14,Week 15,Week 16,Week 17,Total,Avg,TM TGT %,Catches,Catch %,TD
"Dez Bryant","WR","DAL","",9,16,2,13,8,"",10,6,11,8,14,5,7,5,4,6,8,132,8.2,26.8,69,52.3,6
"Jarvis Landry","WR","MIA",1,"",15,11,7,10,14,11,12,7,10,11,9,6,8,13,7,10,161,10.1,26.7,112,69.6,9
"Alshon Jeffery","WR","PHI","",7,13,8,6,4,10,6,8,11,"",7,9,6,11,10,2,2,120,7.5,21.3,57,47.5,9
"DeAndre Hopkins","WR","HOU",1,16,13,8,12,12,4,"",11,16,14,9,10,14,16,13,6,"",174,11.6,33.1,96,55.2,13
"Jason Witten","TE","DAL","",9,13,4,2,10,"",4,5,1,7,1,7,5,2,5,9,3,87,5.4,17.6,63,72.4,5
"Marqise Lee","WR","JAX",2,4,12,7,3,4,10,6,"",12,11,9,2,10,6,"","","",96,6.9,18.2,56,58.3,3
"Antonio Brown","WR","PIT",1,11,11,14,9,19,10,10,10,"",7,13,12,16,18,3,"","",163,11.6,27.6,101,62,9
"Jaron Brown","WR","ARI","","",11,6,12,6,1,5,"",1,6,3,1,"",5,3,4,5,69,4.3,11.5,31,44.9,4
"Martellus Bennett","TE","NE","",6,11,4,7,3,4,3,"","",3,3,"","","","","","",44,4.9,7.5,30,68.2,0
"Rashard Higgins","WR","CLE",2,"",11,6,4,4,2,3,1,"",4,2,3,"",1,2,3,4,50,3.3,8.7,27,54,2
"Davante Adams","WR","GB",1,7,10,6,5,11,10,5,"",10,8,10,8,6,14,7,"","",117,8.4,20.8,74,63.2,10
"Keenan Allen","WR","LAC",1,10,10,9,11,12,9,7,5,"",7,13,14,14,8,8,10,12,159,9.9,27.3,102,64.2,6
"Kendall Wright","WR","CHI","",4,10,"",4,5,3,"",8,"",8,4,5,2,11,13,6,8,91,5.7,19.2,59,64.8,1
"Michael Thomas","WR","NO",3,8,10,8,11,"",6,11,8,11,10,11,8,9,14,11,5,8,149,9.3,27.8,104,69.8,5
"Travis Kelce","TE","KC",1,7,10,1,8,11,7,5,10,9,"",14,4,8,13,7,8,"",122,8.1,22.5,83,68,8
"Zach Ertz","TE","PHI",2,8,10,10,8,12,5,5,6,"","",5,12,4,"",9,14,2,110,7.9,19.5,74,67.3,8
"Doug Baldwin","WR","SEA",5,4,9,15,3,8,"",12,10,12,6,6,3,7,6,4,6,5,116,7.2,20.9,75,64.7,8
"DeVante Parker","WR","MIA",1,"",9,10,8,1,"","","",8,9,9,3,4,6,12,10,7,96,7.4,15.9,57,59.4,1
"Julio Jones","WR","ATL",1,5,9,12,4,"",7,13,6,12,8,10,15,6,11,8,11,11,148,9.2,27.9,88,59.5,3
"Kamar Aiken","WR","IND","",2,9,1,5,7,4,3,5,2,"","","",2,"",1,2,1,44,2.9,9,15,34.1,0
"Mike Evans","WR","TB",1,"",9,12,11,8,8,10,10,6,"",10,12,6,5,8,8,13,136,9.1,22.5,71,52.2,5
"Randall Cobb","WR","GB",2,13,9,"",4,5,3,4,"",5,4,6,4,"",8,14,7,6,92,6.1,16.4,66,71.7,4
"Rob Gronkowski","TE","NE",1,6,9,10,5,"",10,7,9,"",7,3,8,11,"",13,7,"",105,7.5,17.9,69,65.7,8
"Tarik Cohen","RB","CHI",4,12,9,4,4,1,3,3,3,"",2,6,2,4,2,6,2,8,71,4.4,15,53,74.6,1
"Tyler Lockett","WR","SEA",1,3,9,3,5,4,"",7,8,8,2,5,1,2,5,3,2,4,71,4.4,12.8,45,63.4,2
"Zach Miller","TE","CHI","",6,9,3,2,7,3,3,2,"","","","","","","","","",35,4.4,7.4,20,57.1,2
"A.J. Green","WR","CIN",2,10,8,13,7,13,"",6,8,2,7,9,8,17,12,4,10,10,144,9,28.2,75,52.1,8
"Benjamin Watson","TE","BAL","",1,8,3,6,4,8,5,4,10,"",1,3,5,1,4,6,10,79,4.9,13.9,61,77.2,4
"Cole Beasley","WR","DAL",1,5,8,1,6,6,"",2,3,6,3,4,3,3,5,5,3,"",63,4.2,12.8,36,57.1,4
"Donte Moncrief","WR","IND",2,4,8,3,3,3,7,4,1,2,1,"",3,8,"","","","",47,3.9,9.7,26,55.3,2
"Demaryius Thomas","WR","DEN","",8,8,9,5,"",14,6,9,12,8,9,8,10,12,8,6,8,140,8.8,24.7,83,59.3,5
"Emmanuel Sanders","WR","DEN",1,6,8,15,5,"",8,"","",5,11,8,6,7,4,9,"","",92,7.7,16.3,47,51.1,2
"Jack Doyle","TE","IND",1,3,8,5,7,"",11,7,14,9,5,"",8,5,3,8,10,5,108,7.2,22.2,80,74.1,4
"James White","RB","NE",2,5,8,1,12,9,7,5,6,"",3,1,2,6,4,3,"","",72,5.1,12.3,56,77.8,3
"Kelvin Benjamin","WR","BUF","",5,8,2,4,6,13,6,7,"",6,1,"","",8,2,7,3,78,5.6,16.4,48,61.5,3
"Melvin Gordon III","RB","LAC",1,6,8,2,3,8,12,4,2,"",8,2,3,4,3,8,3,7,83,5.2,14.2,58,69.9,4
"Torrey Smith","WR","PHI","",3,8,5,3,4,2,1,2,2,"",4,5,7,11,3,5,3,68,4.2,12.1,36,52.9,2
"Allen Hurns","WR","JAX",3,4,7,3,10,3,3,8,"",4,9,"","","","","","",5,56,5.6,10.6,39,69.6,2
"Alvin Kamara","RB","NO",1,6,7,5,10,"",3,7,3,7,5,9,6,6,3,7,9,7,100,6.2,18.7,81,81,5
"Brandon LaFell","WR","CIN","",5,7,2,3,8,"",7,5,2,10,5,6,7,6,6,6,4,89,5.6,17.5,52,58.4,3
"Corey Coleman","WR","CLE","",6,7,"","","","","","","","",11,8,4,6,3,6,6,57,6.3,9.9,23,40.4,2
"Chris Thompson","RB","WAS","",5,7,7,2,"",5,5,9,6,7,1,"","","","","","",54,5.4,10,39,72.2,4
"DeSean Jackson","WR","TB",2,"",7,7,6,9,6,8,8,4,10,3,11,3,7,1,"","",90,6.4,14.9,50,55.6,3
"Evan Engram","TE","NYG",5,5,7,7,11,4,7,12,"",10,9,6,7,8,7,13,2,"",115,7.7,18.9,64,55.7,6
"Eli Rogers","WR","PIT","",4,7,"","","","",2,1,"",1,"",7,2,5,2,4,1,36,2.6,6.1,18,50,1
"Hunter Henry","TE","LAC",2,"",7,"",3,8,7,5,2,"",2,5,5,9,6,3,"","",62,4.4,10.6,45,72.6,4
"Josh Bellamy","WR","CHI","",4,7,"",6,"","","","","",7,"","",2,4,7,4,5,46,3.1,9.7,24,52.2,1
"J.J. Nelson","WR","ARI",3,6,7,3,4,6,1,5,"",2,4,3,4,8,3,3,1,1,61,3.8,10.2,29,47.5,2
"LeSean McCoy","RB","BUF","",6,7,7,3,9,"",7,7,1,5,1,4,5,"",5,7,3,77,4.8,16.2,59,76.6,2
"Ty Montgomery","RB","GB",1,4,7,12,"","",3,2,"",1,2,"","","","","","","",31,3.9,5.5,23,74.2,1
"Alex Erickson","WR","CIN",2,"",6,"","",1,"",1,"",1,1,2,1,"",1,2,"","",16,1,3.1,12,75,1
"Adam Thielen","WR","MIN",1,10,6,8,8,8,13,12,10,"",12,9,11,5,13,5,6,7,143,8.9,27.1,91,63.6,4
"Brandon Coleman","WR","NO","",3,6,1,1,"",4,3,1,1,4,2,"",2,3,5,"",1,37,2.3,6.9,23,62.2,3
"Chris Hogan","WR","NE",2,5,6,6,9,11,4,6,7,"","","","","",5,"","","",59,6.6,10.1,34,57.6,5
"Carlos Hyde","RB","SF",2,6,6,4,6,1,6,8,9,11,3,"",13,5,1,2,3,4,88,5.5,14.5,59,67,0
"Cooper Kupp","WR","LAR",1,6,6,2,7,8,3,10,"",5,7,7,11,6,7,3,6,"",94,6.3,18.1,62,66,5
"C.J. Prosise","RB","SEA",5,"",6,5,"","","","","","","","","","","","","","",11,2.2,2,6,54.5,0
"Devin Funchess","WR","CAR",4,2,6,10,9,8,9,8,6,7,6,"",12,7,7,4,4,6,111,6.9,22.2,63,56.8,8
"Duke Johnson","RB","CLE",4,5,6,7,10,3,5,7,5,"",6,6,5,4,4,7,7,6,93,5.8,16.2,74,79.6,3
"Javorius Allen","RB","BAL","",1,6,6,6,5,4,11,3,8,"",1,1,1,2,3,1,1,60,3.8,10.6,46,76.7,2
"Jared Cook","TE","OAK",1,5,6,6,8,6,3,7,5,9,"",5,5,5,6,4,2,4,86,5.4,15.4,54,62.8,2
"Jordan Reed","TE","WAS","",8,6,"",5,"",5,10,1,"","","","","","","","","",35,5.8,6.5,27,77.1,2
"Kyle Rudolph","TE","MIN",1,3,6,2,4,9,9,7,7,"",7,7,4,5,5,2,1,3,81,5.1,15.4,57,70.4,8
"Larry Fitzgerald","WR","ARI","",13,6,15,7,10,11,3,"",9,14,10,8,10,7,10,15,13,161,10.1,26.9,109,67.7,6
"Laquon Treadwell","WR","MIN",3,1,6,1,2,"",3,4,4,"",1,3,"",1,4,"",2,3,35,2.2,6.6,20,57.1,0
"Michael Crabtree","WR","OAK","",7,6,3,"",8,10,7,10,4,"",11,"","",13,17,3,2,101,7.2,18.1,58,57.4,8
"Marquise Goodwin","WR","SF",2,6,6,5,2,11,5,8,3,8,2,"",6,8,12,13,6,4,105,6.6,17.3,56,53.3,2
"Mohamed Sanu Sr.","WR","ATL",2,9,6,6,3,"","",10,7,3,5,3,9,5,8,5,6,11,96,6.4,18.1,67,69.8,5
"Stefon Diggs","WR","MIN",1,8,6,11,7,4,"","",6,"",5,6,7,5,10,6,8,6,95,6.8,18,64,67.4,8
"Ted Ginn Jr.","WR","NO","",5,6,3,2,"",4,7,4,5,1,6,11,3,2,"",5,6,70,4.7,13.1,53,75.7,4
"Tyreek Hill","WR","KC",1,8,6,8,6,6,7,8,6,4,"",7,11,9,6,6,7,"",105,7,19.3,75,71.4,7
"T.Y. Hilton","WR","IND",3,7,6,9,6,9,4,8,7,9,4,"",5,6,4,7,12,6,109,6.8,22.4,57,52.3,4
"Zay Jones","WR","BUF",2,4,6,2,5,6,"",9,5,7,"",7,10,7,"",2,1,3,74,4.9,15.5,27,36.5,2
"Amari Cooper","WR","OAK",1,13,5,5,8,2,6,19,10,9,"",7,1,"",1,"",4,6,96,6.9,17.2,48,50,7
"Andre Ellington","RB","HOU","",3,5,8,14,10,1,"","",3,6,"","",6,2,"","",1,59,4.9,11.2,39,66.1,0
"Brandon Marshall","WR","NYG","",4,5,11,10,3,"","","","","","","","","","","","",33,6.6,5.4,18,54.5,0
"Christian McCaffrey","RB","CAR",1,7,5,11,6,7,14,9,7,6,7,"",5,6,4,7,4,8,113,7.1,22.6,80,70.8,5
"Deonte Thompson","WR","BUF","",2,5,2,9,"","",4,1,10,4,8,2,8,1,4,5,3,68,4.2,14.3,38,55.9,2
"Eric Decker","WR","TEN","",8,5,5,2,6,9,2,"",4,3,3,4,6,5,5,10,6,83,5.2,16.7,54,65.1,1
"Eric Ebron","TE","DET",1,3,5,7,4,4,3,"",6,4,3,7,4,4,11,7,8,6,86,5.4,15.1,53,61.6,4
"Ezekiel Elliott","RB","DAL",1,5,5,4,5,2,"",3,2,"","","","","","","",7,5,38,3.8,7.7,26,68.4,2
"Geronimo Allison","WR","GB",3,"",5,8,"",2,2,2,"",1,"","","",1,4,8,3,3,39,2.6,6.9,23,59,0
"Jamison Crowder","WR","WAS",3,7,5,6,1,"",5,6,13,"",11,8,10,7,6,7,4,7,103,6.9,19.1,66,64.1,3
"Jesse James","TE","PIT",3,8,5,4,3,5,"","",3,"",2,8,4,1,12,5,1,2,63,3.9,10.7,43,68.3,3
"Jermaine Kearse","WR","NYJ","",9,5,3,7,4,4,4,5,6,8,"",11,10,6,5,8,7,102,6.4,20,65,63.7,5
"Jeremy Maclin","WR","BAL","",4,5,5,6,8,"","",5,9,"",5,5,8,11,1,"","",72,6,12.7,40,55.6,3
"Jerick McKinnon","RB","MIN",3,3,5,2,2,6,6,3,10,"",2,7,3,5,3,8,2,1,68,4.2,12.9,51,75,2
"Kenny Stills","WR","MIA",2,"",5,10,3,2,4,9,10,4,8,8,6,13,4,6,6,7,105,6.6,17.4,58,55.2,6
"Leonard Fournette","RB","JAX",1,3,5,4,5,1,2,"","","",4,3,3,4,6,"",3,5,48,3.7,9.1,36,75,1
"Mark Ingram II","RB","NO",1,5,5,4,8,"",5,5,6,1,"",4,3,7,5,6,3,4,71,4.4,13.2,58,81.7,0
"Marvin Jones Jr.","WR","DET",1,2,5,6,5,8,14,"",11,11,2,7,9,8,4,5,5,5,107,6.7,18.8,61,57,9
"Odell Beckham Jr.","WR","NYG",2,"",5,13,15,8,"","","","","","","","","","","","",41,10.2,6.7,25,61,3
"Pierre Garcon","WR","SF","",10,5,10,8,11,12,7,4,"","","","","","","","","",67,8.4,11,40,59.7,0
"Paul Richardson","WR","SEA","",7,5,7,3,5,"",2,7,3,2,8,7,4,7,7,4,2,80,5,14.4,44,55,6
"Rishard Matthews","WR","TEN","",9,5,10,8,6,4,6,"",7,7,6,"","",5,8,4,2,87,6.2,17.5,53,60.9,4
"Tyler Ervin","RB","HOU","",5,5,1,"","","","","","","","","","","","","","",11,2.8,2.1,8,72.7,0
"Terrance Williams","WR","DAL","",7,5,4,6,3,"",3,3,9,4,6,5,3,6,5,4,4,77,4.8,15.6,53,68.8,0
"Antonio Gates","TE","LAC","",3,4,5,5,3,1,1,2,"",2,2,2,4,1,3,8,6,52,3.2,8.9,30,57.7,3
"Andre Holmes","WR","BUF","",1,4,2,1,1,"",3,4,3,"",3,"",1,"","","","",23,1.6,4.8,13,56.5,3
"Brandin Cooks","WR","NE",1,7,4,7,6,8,9,5,8,"",11,9,7,3,7,7,5,11,114,7.1,19.4,65,57,7
"Breshad Perriman","WR","BAL",2,4,4,1,4,3,2,"",2,7,"","",2,"","",2,4,"",35,3.2,6.2,10,28.6,0
"Chris Conley","WR","KC",2,4,4,1,4,3,"","","","","","","","","","","","",16,3.2,2.9,11,68.8,0
"Coby Fleener","TE","NO","",6,4,1,4,"",1,3,1,2,1,5,2,"","","","","",30,2.7,5.6,22,73.3,2
"Chris Ivory","RB","JAX","",2,4,2,3,"",10,"","",4,2,"","",1,"","","","",28,2,5.3,21,75,1
"David Njoku","TE","CLE",2,2,4,4,2,3,5,5,7,"",6,1,4,6,2,3,3,3,60,3.8,10.5,32,53.3,4
"Darren Sproles","RB","PHI","",8,4,"","","","","","","","","","","","","","","",12,4,2.1,7,58.3,0
"Delanie Walker","TE","TEN","",9,4,6,7,5,8,10,"",5,9,9,5,5,9,10,5,5,111,6.9,22.4,74,66.7,3
"Giovani Bernard","RB","CIN",3,2,4,2,4,2,"",3,2,1,5,2,1,3,8,5,7,9,60,3.8,11.8,43,71.7,2
"Golden Tate","WR","DET","",12,4,11,5,8,7,"",8,9,7,4,8,10,9,5,6,7,120,7.5,21.1,92,76.7,5
"JuJu Smith-Schuster","WR","PIT",1,"",4,6,4,6,3,3,10,"",7,8,"",5,"",6,7,10,79,5.6,13.4,58,73.4,7
"Le'Veon Bell","RB","PIT",5,6,4,7,6,10,6,3,3,"",6,11,14,6,10,6,8,"",106,7.1,18,85,80.2,2
"Martavis Bryant","WR","PIT","",6,4,8,5,8,3,2,"","",5,4,6,6,10,6,4,7,84,5.6,14.2,50,59.5,3
"Maxx Williams","TE","BAL",1,1,4,"","","",1,"","",3,"",2,1,2,"",1,3,"",18,1.6,3.2,15,83.3,1
"Robby Anderson","WR","NYJ",1,8,4,6,6,5,12,5,6,5,7,"",10,12,6,12,7,3,114,7.1,22.4,63,55.3,7
"Rex Burkhead","RB","NE",4,3,4,"","","","",1,7,"",3,6,2,4,5,1,"","",36,3.6,6.1,30,83.3,3
"Richard Rodgers","TE","GB",6,"",4,"","",1,"","","",2,1,1,3,2,1,4,"","",19,1.3,3.4,12,63.2,1
"Robert Woods","WR","LAR",1,5,4,7,6,8,7,7,"",5,10,11,"","","",7,8,"",85,7.1,16.4,56,65.9,5
"Sammie Coates","WR","CLE",9,"",4,"","","",2,"",2,"",2,"","","","",1,"","",11,0.9,1.9,6,54.5,0
"Seth DeValve","TE","CLE","",5,4,5,4,4,3,4,3,"",6,3,2,3,3,4,4,1,58,3.6,10.1,33,56.9,1
"Sterling Shepard","WR","NYG",1,8,4,10,5,2,"","","",9,13,"","",6,3,16,8,"",84,7.6,13.8,59,70.2,2
"Tyler Eifert","TE","CIN",1,1,4,"","","","","","","","","","","","","","","",5,2.5,1,4,80,0
"Todd Gurley II","RB","LAR","",6,4,7,8,4,1,8,"",3,7,4,7,7,5,3,13,"",87,5.8,16.8,64,73.6,6
"Terrelle Pryor","WR","WAS","",11,4,4,5,"",5,4,1,3,"","","","","","","","",37,4.1,6.9,20,54.1,1
"Trent Taylor","WR","SF",3,1,4,4,10,2,5,5,3,3,"","",3,6,3,5,4,2,60,4,9.9,43,71.7,2
"Tyrell Williams","WR","LAC",1,7,4,7,6,2,3,1,6,"",5,1,3,3,4,7,6,4,69,4.3,11.8,43,62.3,4
"Adam Humphries","WR","TB",1,"",3,10,7,5,7,3,6,2,4,4,6,4,3,5,3,11,83,5.2,13.7,61,73.5,1
"Albert Wilson","WR","KC",2,5,3,4,4,3,"",2,1,"","","",7,5,7,2,8,11,62,4.8,11.4,42,67.7,3
"Bennie Fowler","WR","DEN",2,4,3,7,2,"",8,5,6,2,1,1,4,4,"","",3,6,56,3.5,9.9,29,51.8,3
"Braxton Miller","WR","HOU","",1,3,4,"","",2,"","","","",3,6,4,"","",2,4,29,2.6,5.5,19,65.5,1
"CJ Anderson","RB","DEN","",3,3,2,4,"","",2,1,1,1,3,"",7,2,1,9,1,40,2.5,7.1,28,70,1
"Cameron Brate","TE","TB",2,"",3,4,6,9,8,9,5,4,3,3,2,6,1,5,4,5,77,4.8,12.7,48,62.3,6
"Charles Clay","TE","BUF","",9,3,6,7,3,"","","","",3,4,4,3,5,9,10,8,74,5.7,15.5,49,66.2,2
"Corey Davis","WR","TEN",1,10,3,"","","","","","",5,10,7,4,4,6,5,9,2,65,5.9,13.1,34,52.3,0
"Curtis Samuel","WR","CAR",3,"",3,5,"",2,"",1,3,5,7,"","","","","","","",26,2.9,5.2,15,57.7,0
"Charles Sims","RB","TB","","",3,1,1,7,5,3,"",2,4,5,5,2,3,4,1,1,47,2.9,7.8,35,74.5,1
"Dalvin Cook","RB","MIN",1,5,3,5,3,"","","","","","","","","","","","","",16,4,3,11,68.8,0
"DeAndre Washington","RB","OAK","",2,3,6,1,"",1,4,10,1,"",3,3,"",2,3,3,3,45,3,8.1,34,75.6,1
"Ed Dickson","TE","CAR","",1,3,1,4,5,8,5,5,2,5,"",3,2,1,"","",3,48,3,9.6,30,62.5,1
"Gerald Everett","TE","LAR",1,1,3,"",3,3,3,"","",2,2,2,1,4,1,1,"",6,32,2,6.2,16,50,2
"Josh Hill","TE","NO",4,"",3,1,"","","","",4,"",1,1,"",2,3,2,3,2,22,1.4,4.1,16,72.7,1
"Jeremy Kerley","WR","NYJ","","",3,5,5,4,3,4,3,"","","","","","","","","",27,3.4,5.3,22,81.5,1
"Jordan Matthews","WR","BUF",4,3,3,5,2,"","",3,4,8,2,"",3,3,"","","","",36,3.6,7.6,25,69.4,1
"Jonnu Smith","TE","TEN",1,1,3,2,"",5,1,4,"",1,5,1,"",1,"",1,2,3,30,1.9,6,18,60,2
"Julius Thomas","TE","MIA","","",3,5,4,4,5,4,3,8,5,4,6,3,4,4,"","",62,4.4,10.3,41,66.1,3
"Keelan Cole","WR","JAX",1,2,3,4,6,1,2,3,"",5,8,6,7,3,3,9,13,8,83,5.2,15.7,42,50.6,3
"Kenny Golladay","WR","DET",1,7,3,5,"","","","","","",3,3,4,3,4,5,8,3,48,4.4,8.4,28,58.3,3
"Kareem Hunt","RB","KC",2,5,3,1,4,4,6,4,5,5,"",4,1,5,3,9,4,"",63,3.9,11.6,53,84.1,3
"Lamar Miller","RB","HOU",2,2,3,1,5,3,4,"",3,4,1,5,3,4,2,4,1,"",45,2.8,8.6,36,80,3
"Luke Willson","TE","SEA",3,1,3,4,1,1,"",1,1,2,"",2,"","",1,2,2,1,22,1.4,4,15,68.2,4
"Matt Forte","RB","NYJ","",5,3,"","","",8,5,7,4,"","",1,3,3,5,1,"",45,3.8,8.8,37,82.2,1
"Mack Hollins","WR","PHI",3,"",3,"","","",2,1,3,1,"",1,2,1,2,1,"",5,22,1.4,3.9,16,72.7,1
"Mike Wallace","WR","BAL","",1,3,5,10,3,5,1,"",7,"",4,11,8,5,10,6,13,92,6.1,16.2,52,56.5,4
"Nelson Agholor","WR","PHI",1,8,3,3,4,5,7,5,3,4,"",5,6,12,11,9,7,3,95,5.9,16.8,62,65.3,8
"O.J. Howard","TE","TB",3,"",3,1,4,1,3,6,2,2,"",4,4,2,6,1,"","",39,2.8,6.4,26,66.7,6
"Phillip Dorsett II","WR","NE",3,1,3,"",1,"",3,"","","",2,"",1,"","",1,1,5,18,1.2,3.1,12,66.7,0
"Shane Vereen","RB","NYG","",10,3,2,2,5,"",4,"",4,4,3,2,3,4,5,"",2,53,3.3,8.7,44,83,0
"Travis Benjamin","WR","LAC",2,4,3,8,5,3,1,1,9,"",3,1,3,6,4,4,5,5,65,4.1,11.1,34,52.3,4
"Taylor Gabriel","WR","ATL","",4,3,6,5,"",8,2,1,4,3,2,3,2,1,2,4,1,51,3.2,9.6,33,64.7,1
"Tanner Gentry","WR","CHI",3,"",3,"","","",1,1,1,"","","","","","","","","",6,1.5,1.3,3,50,0
"Theo Riddick","RB","DET",4,7,3,9,2,5,7,"",2,4,3,2,2,5,10,3,4,3,71,4.4,12.5,53,74.6,2
"Virgil Green","TE","DEN","",1,3,3,"","",1,2,2,"","",4,3,1,"",1,"",1,22,1.4,3.9,14,63.6,1
"Will Tye","TE","NYJ","",3,3,"","","","","","","","","","","","","","","",6,2,1.2,4,66.7,0
"Austin Hooper","TE","ATL",1,2,2,2,7,"",9,1,6,6,6,2,5,4,4,2,4,3,65,4.1,12.3,49,75.4,3
"Brice Butler","WR","DAL","",3,2,2,2,2,"","",1,3,1,3,2,1,"","","",2,24,1.8,4.9,15,62.5,3
"Brittan Golden","WR","ARI","","",2,3,"","","",3,"","","",1,"","","","","","",9,0.7,1.5,5,55.6,0
"Bilal Powell","RB","NYJ","",6,2,"",5,5,"",2,3,"",2,"",1,3,"",1,1,2,33,2.2,6.5,23,69.7,0
"Chris Carson","RB","SEA",1,1,2,2,3,"","","","","","","","","","","","","",8,2,1.4,7,87.5,1
"Chris Godwin","WR","TB",1,"",2,3,"",2,1,1,2,1,10,2,2,3,6,2,6,12,55,3.4,9.1,34,61.8,1
"Cody Latimer","WR","DEN","","",2,1,"","","","",3,3,5,3,4,3,3,4,"","",31,2.8,5.5,19,61.3,2
"Chad Williams","WR","ARI",7,"",2,1,"","","","","","","","",3,1,"","","","",7,1.2,1.2,3,42.9,0
"Devonta Freeman","RB","ATL",4,2,2,3,2,"",4,3,3,5,"","","",2,"",7,3,11,47,3.4,8.9,36,76.6,1
"Dontrelle Inman","WR","CHI",3,"",2,1,1,"","","","","",8,5,9,2,"",2,4,10,44,3.7,9.3,25,56.8,1
"DeMarco Murray","RB","TEN","",2,2,2,2,5,4,4,"",2,4,6,4,2,3,1,4,"",47,3.1,9.5,39,83,1
"Elijah McGuire","RB","NYJ",10,"",2,"",2,3,"","","",1,7,"",1,"","",3,1,6,26,1.6,5.1,17,65.4,1
"Frank Gore","RB","IND","",1,2,1,3,4,3,"",4,4,1,"",5,"",1,4,2,3,38,2.4,7.8,29,76.3,1
"George Kittle","TE","SF",1,6,2,3,3,9,8,2,4,5,"","",2,3,2,5,3,6,63,4.2,10.4,43,68.3,2
"Greg Olsen","TE","CAR","",4,2,"","","","","","","","","",4,"",1,12,6,9,38,5.4,7.6,17,44.7,1
"Ifeanyi Momah","WR","ARI","","",2,"","","","","","","","","","","","","","","",2,0.2,0.3,1,50,0
"Jay Ajayi","RB","PHI","","",2,3,1,3,3,4,4,"","",1,2,4,2,2,3,"",34,2.4,6,24,70.6,1
"Jimmy Graham","TE","SEA",2,7,2,11,6,8,"",6,5,8,9,11,6,4,2,3,1,6,95,5.9,17.1,57,60,10
"Justin Hardy","WR","ATL",4,"",2,"",6,"",3,2,"",2,2,4,"","","",4,1,3,29,1.8,5.5,20,69,3
"Jacob Hollister","TE","NE",4,"",2,1,1,1,"","",1,"","","","",1,"",1,2,1,11,0.7,1.9,4,36.4,0
"Jalen Richard","RB","OAK",6,1,2,1,1,2,4,4,7,1,"",3,2,3,"",2,2,1,36,2.2,6.5,27,75,1
"Jarius Wright","WR","MIN","",2,2,3,"","","",4,1,"",1,1,3,3,2,1,2,"",25,1.6,4.7,18,72,2
"Kenny Britt","WR","NE","",3,2,10,8,"","",5,"","",3,2,2,3,"",1,2,2,43,3.6,7.3,20,46.5,2
"Matt Breida","RB","SF",3,"",2,4,3,5,4,1,6,4,2,"",1,1,"","",1,2,36,2.2,5.9,21,58.3,1
"Marcedes Lewis","TE","JAX",2,2,2,5,4,2,2,3,"",6,5,2,2,5,2,2,1,3,48,3,9.1,24,50,5
"Marshawn Lynch","RB","OAK","",2,2,1,1,2,2,"","",2,"",1,3,3,2,4,3,3,31,2.1,5.6,20,64.5,0
"Paul Perkins","RB","NYG","",3,2,2,2,"","","","","","","","","","","","",1,10,0.9,1.6,8,80,0
"Rhett Ellison","TE","NYG","",1,2,"",2,2,"",1,"",2,"",1,1,2,5,"",7,6,32,2,5.3,24,75,2
"Ryan Grant","WR","WAS","",6,2,4,3,"",5,3,7,3,3,3,2,9,1,3,6,5,65,4.1,12,45,69.2,4
"Roger Lewis","WR","NYG","",6,2,1,"",2,2,6,"",3,4,4,7,3,11,10,11,"",72,4.8,11.8,36,50,2
"Ricardo Louis","WR","CLE","",3,2,6,9,8,7,4,6,"",6,4,2,"","",1,1,2,61,3.8,10.6,27,44.3,0
"Russell Shepard","WR","CAR","",2,2,1,1,2,6,3,1,2,7,"","",5,1,"","","",33,2.2,6.6,17,51.5,1
"Sammy Watkins","WR","LAR",1,5,2,7,2,4,4,5,"",2,3,4,9,4,7,5,7,"",70,4.7,13.5,39,55.7,8
"Tavon Austin","WR","LAR",3,1,2,"",2,5,"",2,"","","","",4,1,"","","",5,22,1.4,4.2,13,59.1,0
"Tevin Coleman","RB","ATL",1,6,2,5,6,"",1,1,1,2,1,2,"",6,"","",4,2,39,2.6,7.4,27,69.2,3
"Tommylee Lewis","WR","NO",5,3,2,3,2,"","",1,"","","","",1,1,2,"","","",15,1,2.8,10,66.7,1
"Tanner McEvoy","WR","SEA","",2,2,"","","","","",1,2,"","",2,"","",1,"","",10,0.7,1.8,5,50,0
"Terrance West","RB","BAL","",1,2,1,"","","","","","","","","","","","","","",4,0.8,0.7,2,50,0
"Wendell Smallwood","RB","PHI","",1,2,2,6,"","",2,2,"","","","","","","","",3,18,2.2,3.2,13,72.2,0
"Amara Darboh","WR","SEA","",1,1,1,4,"","",2,"","",2,"","","","",1,"",1,13,0.8,2.3,8,61.5,0
"AJ Derby","TE","MIA","",3,1,2,6,"",4,7,4,3,1,"","","","","",5,4,40,3.6,6.6,21,52.5,2
"Andre Roberts","WR","ATL",2,"",1,1,"","","",1,"",1,"","","","","","","","",4,0.2,0.8,1,25,0
"Blake Bell","TE","MIN",3,"",1,"",1,"","","","","","","","","",2,"","","",4,0.3,0.8,3,75,0
"Ben Koyack","TE","JAX","","",1,"","","",1,1,"","",1,"","","","",1,2,"",7,0.4,1.3,5,71.4,0
"Brandon Williams","TE","IND","","",1,1,2,3,"",2,"",2,"","","",2,3,1,"","",17,1.2,3.5,13,76.5,0
"Cordarrelle Patterson","WR","OAK",2,1,1,2,6,1,1,3,4,"","",4,4,4,6,2,2,1,42,2.6,7.5,31,73.8,0
"Charone Peake","WR","NYJ","","",1,"","","","","","","","","","","","","","","",1,0.3,0.2,1,100,0
"Clive Walford","TE","OAK","","",1,1,"","","",1,"","","",2,"",4,4,"","","",13,1,2.3,9,69.2,0
"Dwayne Allen","TE","NE","",2,1,2,1,"","","","","",2,2,2,1,5,1,2,1,22,1.4,3.7,10,45.5,1
"Damiere Byrd","WR","CAR",1,1,1,1,1,"","","","","","","","",2,5,4,2,"",17,2.1,3.4,10,58.8,2
"Derek Carrier","TE","LAR",3,2,1,1,"","","",1,"",1,"","","",1,"",2,"",2,11,0.8,2.1,8,72.7,0
"Darren Fells","TE","DET",2,"",1,1,5,2,4,"",3,1,1,1,3,2,1,"","",1,26,1.6,4.6,17,65.4,3
"Dion Lewis","RB","NE","","",1,3,1,2,"",1,2,"","",4,2,"",6,2,5,7,36,2.2,6.1,32,88.9,3
"David Morgan","TE","MIN","","",1,"",1,"","","",3,"",1,1,"","","","",2,3,12,0.8,2.3,10,83.3,1
"Dion Sims","TE","CHI","",3,1,"",1,4,4,"",5,"","","",1,2,3,1,3,1,29,2.1,6.1,15,51.7,1
"Garrett Celek","TE","SF","","",1,2,"",1,2,1,2,4,6,"",2,4,4,3,"",1,33,2.1,5.4,21,63.6,4
"Isaiah Crowell","RB","CLE","",2,1,3,2,3,2,6,6,"",2,"",2,1,3,5,4,"",42,2.6,7.3,28,66.7,0
"Jerell Adams","TE","NYG","","",1,"","",1,1,"","","","",1,"","","","",4,3,11,0.7,1.8,8,72.7,0
"Jamaal Charles","RB","DEN","",1,1,1,1,"",3,4,1,4,1,"",3,5,3,"","","",28,2,4.9,23,82.1,0
"James Develin","RB","NE","","",1,"",2,1,"","",1,"",2,"","","",1,1,"",1,10,0.6,1.7,6,60,0
"Josh Doctson","WR","WAS",2,"",1,2,3,"",3,5,3,5,7,7,4,5,6,4,13,10,78,4.9,14.4,35,44.9,6
"Jeff Heuerman","TE","DEN","",2,1,"","","",2,"",2,1,3,"","","",2,1,2,2,18,1.3,3.2,9,50,2
"Jeremy Hill","RB","CIN","",1,1,1,1,"","",1,"","","","","","","","","","",5,0.7,1,4,80,0
"Jordan Howard","RB","CHI",4,5,1,5,4,"",1,"",5,"","","",2,2,2,4,"",1,32,2,6.8,23,71.9,0
"Joe Mixon","RB","CIN",1,3,1,3,4,"","",3,3,4,3,2,3,1,"","",3,1,34,2.4,6.7,30,88.2,0
"Josh Reynolds","WR","LAR",2,"",1,"","","","","","",1,"",1,6,6,2,"",1,6,24,1.5,4.6,11,45.8,1
"Jonathan Stewart","RB","CAR","",2,1,2,1,3,2,"","","","","","",1,1,1,1,"",15,1,3,8,53.3,1
"Jamaal Williams","RB","GB",2,"",1,"",1,"","","","",2,1,6,5,3,7,"",3,5,34,2.1,6,25,73.5,2
"LeGarrette Blount","RB","PHI","",1,1,"",1,"","","",1,"","","","","",2,"",1,1,8,0.5,1.4,8,100,1
"Lee Smith","TE","OAK",3,"",1,"",2,"","","",3,"","","",1,"","",1,3,"",11,0.7,2,8,72.7,0
"Malcolm Brown","RB","LAR",2,"",1,"",1,2,"",1,"","","","","","","",1,"",5,11,1,2.1,9,81.8,0
"Michael Hoomanawanui","TE","NO","","",1,1,2,"",3,"","","",1,"","",1,1,"","","",10,0.7,1.9,6,60,1
"Marlon Mack","RB","IND",3,1,1,"","",1,2,6,5,"",4,"",2,2,3,1,2,3,33,2.4,6.8,21,63.6,1
"Nick Boyle","TE","BAL",4,1,1,2,5,2,3,3,4,"","",2,1,3,1,2,4,3,37,2.5,6.5,28,75.7,0
"Neal Sterling","WR","NYJ",10,"",1,1,"","","","","","",1,"","","","","","",8,11,1,2.2,6,54.5,0
"Orleans Darkwa","RB","NYG","",1,1,1,"",4,1,3,"",2,2,4,1,1,3,3,"",1,28,1.9,4.6,19,67.9,0
"Randall Telfer","TE","CLE","","",1,1,"","","","","","","","","","",2,"","","",4,0.2,0.7,3,75,0
"Ross Travis","TE","IND",4,1,1,"","",2,"",1,2,2,"",3,"","",2,2,1,"",17,1.1,3.5,7,41.2,0
"Robert Turbin","RB","IND","",1,1,2,"",2,5,"","","","","","","","","","","",11,1.8,2.3,9,81.8,0
"Sean McGrath","TE","LAC","","",1,"","","","","","","","",1,"","","","",2,"",4,0.3,0.7,4,100,0
"Samaje Perine","RB","WAS",2,"",1,1,"","",3,"","","",1,2,4,3,4,2,3,"",24,1.5,4.4,22,91.7,1
"Seth Roberts","WR","OAK","",1,1,5,5,4,3,6,"",2,"",9,3,6,3,5,6,6,65,4.3,11.6,43,66.2,1
"Trey Burton","TE","PHI","","",1,3,"",2,1,1,2,4,"","","",7,6,2,"",2,31,2.1,5.5,23,74.2,5
"Trevor Davis","WR","GB",5,"",1,"","","","","","",1,"","","","",1,"",1,3,7,0.4,1.2,5,71.4,0
"Tyler Higbee","TE","LAR",1,3,1,3,6,8,3,3,"",2,4,5,3,1,"",1,2,"",45,2.8,8.7,25,55.6,1
"Troy Niklas","TE","ARI","",2,1,1,"","",2,1,"",3,2,"",2,"",2,6,"",1,23,1.5,3.8,11,47.8,1
"Taywan Taylor","WR","TEN",6,2,1,3,1,1,4,4,"",2,3,1,2,2,1,"",1,"",28,1.8,5.6,16,57.1,1
"Vernon Davis","TE","WAS","",1,1,5,3,"",4,4,4,9,11,6,1,2,7,4,3,3,68,4.2,12.6,43,63.2,3
"Ameer Abdullah","RB","DET",4,4,"",3,4,1,2,"",3,1,2,2,5,"","",4,2,2,35,2.5,6.1,25,71.4,1
"Alex Armah","RB","CAR",4,"","","","","","","","","","","","","","","","","",0,0,0,0,0,0
"Antony Auclair","TE","TB",4,"","","","","","","","","","","","",1,"",1,"","",2,0.2,0.3,2,100,0
"Arrelious Benn","WR","JAX",5,1,"","","","","",1,"","","","","","","","","","",2,0.2,0.4,1,50,0
"Alfred Blue","RB","HOU","","","","","","","","","","","","",2,1,"",1,"",5,9,0.8,1.7,7,77.8,0
"Austin Carr","WR","NO","","","","","","","","","","","","","","","","","","",0,0,0,0,0,0
"Alex Collins","RB","BAL",2,"","","",2,"","","",2,1,"",7,2,2,2,8,4,6,36,2.4,6.3,23,63.9,0
"Austin Ekeler","RB","LAC",1,2,"",1,2,6,2,4,1,"",5,2,3,3,3,1,"","",35,2.2,6,27,77.1,3
"Anthony Fasano","TE","MIA","","","","","",1,"",4,2,2,"","","",1,1,2,"",3,16,1,2.7,12,75,1
"Akeem Hunt","RB","KC","","","","",1,"","",2,"","","","",1,1,"","","",2,7,0.5,1.3,4,57.1,0
"Andy Jones","WR","DET","","","","","","","","","","","","","","","","","","",0,0,0,0,0,0
"Aaron Jones","RB","GB",1,"","","","",1,4,5,"",5,1,"","","","",2,"","",18,1.5,3.2,9,50,0
"Alfred Morris","RB","DAL",3,"","","","",1,"",1,"","","","",1,1,3,2,"","",9,0.6,1.8,7,77.8,0
"Adrian Peterson","RB","ARI","",1,"",2,"","","",4,"",4,2,1,5,"","","","","",19,1.9,3.2,11,57.9,0
"Allen Robinson II","WR","JAX",1,1,"","","","","","","","","","","","","","","","",1,1,0.2,1,100,0
"Aldrick Robinson","WR","SF","",2,"",4,12,1,5,1,2,8,1,"",3,"",2,2,2,3,48,3,7.9,19,39.6,2
"Austin Seferian-Jenkins","TE","NYJ",8,"","",6,4,8,11,5,5,2,9,"",7,3,4,2,8,"",74,5.7,14.5,50,67.6,3
"Adam Shaheen","TE","CHI",3,"","",1,"","","","",1,"",2,4,1,"",5,"","","",14,1.1,3,12,85.7,3
"Ardarius Stewart","WR","NYJ","",5,"",1,"","",2,"","","",1,"","","",1,1,"",2,13,0.9,2.5,6,46.2,0
"Austin Traylor","TE","DEN","","","","","","","","","","","",5,4,2,"","",2,"",13,1.9,2.3,8,61.5,0
"Andre Williams","RB","LAC","","","","","","","","","","","","","","","","","","",0,0,0,0,0,0
"Brenton Bersin","WR","CAR",7,"","","","","","","","","",2,"",1,2,1,"",4,4,14,1.8,2.8,8,57.1,0
"Brandon Bolden","RB","NE",4,"","","","","","","","","","","","","","","","",4,4,0.2,0.7,1,25,0
"Ben Braunecker","TE","CHI","","","","","","","","","","","","","","","","","","",0,0,0,0,0,0
"Brent Celek","TE","PHI","",2,"","",1,1,"",2,2,4,"",2,1,"",3,"",2,4,24,1.5,4.3,13,54.2,1
"Benjamin Cunningham","RB","CHI","","","",3,"",4,"","",1,"",4,2,2,"",2,5,2,1,26,1.9,5.5,20,76.9,2
"Bruce Ellington","WR","HOU",8,2,"",7,4,3,3,"",4,8,9,7,8,2,"","","","",57,5.2,10.9,29,50.9,2
"Brian Hill","RB","CIN",9,"","","","","","","","","","","","","",1,"",1,"",2,0.3,0.4,2,100,0
"Bronson Hill","RB","ARI","","","","","","","","","","","","","","","","","","",0,0,0,0,0,0
"Blake Jarwin","TE","DAL",2,"","","","","","","","","","","","","","","","","",0,0,0,0,0,0
"Bradley Marquez","WR","DET","","","","","","","","","","","","","","","","","","",0,0,0,0,0,0
"Byron Marshall","WR","WAS","","","","","","","","","","","","",2,6,"","","","",8,2,1.5,6,75,0
"Branden Oliver","RB","LAC","",1,"",6,1,"","","","","","","","","","",1,1,1,11,1.4,1.9,6,54.5,0
"Brian Quick","WR","WAS","",1,"","","","","","","",3,"","","","",2,"",1,1,8,0.7,1.5,6,75,0
"Bobby Rainey","RB","BAL","","","","","","",2,2,"",3,"","","","","","","","",7,1.8,1.2,5,71.4,0
"Bernard Reedy","WR","NE","","","",1,"","","","","",1,"","","","","","","","",2,0.2,0.3,2,100,0
"Brandon Tate","WR","BUF","","","","","",4,"","",1,"","",5,"","","",1,3,"",14,1.1,2.9,6,42.9,1
"Bryce Treggs","WR","CLE","","","","","",6,3,2,3,"",3,"",1,"","","","","",18,3,3.1,5,27.8,0
"Cameron Artis-Payne","RB","CAR","","","","","","","","",1,"","","","","","","","","",1,0.1,0.2,1,100,0
"Cethan Carter","TE","CIN",5,"","","","",1,"","","","","","","","","","","","",1,0.1,0.2,0,0,0
"Corey Clement","RB","PHI",3,"","","","",1,"",1,1,1,"","",1,3,3,1,2,1,15,0.9,2.7,10,66.7,2
"Cody Core","WR","CIN","",2,"","","","","",2,"","","","","","","","","","",4,0.3,0.8,0,0,0
"CJ Fiedorowicz","TE","HOU","",4,"","","","","","","","",6,2,8,3,"","","","",23,4.6,4.4,14,60.9,0
"Corey Grant","RB","JAX","","","",1,1,1,"",1,"","","","","","","","","","",4,0.2,0.8,3,75,0
"C.J. Ham","RB","MIN",3,"","",1,"",2,"",1,"","","","","",1,1,1,"",1,8,0.5,1.5,7,87.5,0
"Cobi Hamilton","WR","HOU","","","","","","","","","","","","","","","",1,"",5,6,2,1.1,1,16.7,0
"Chad Hansen","WR","NYJ",7,"","","","","","","","","",4,"",1,3,"",3,1,4,16,1.1,3.1,9,56.2,0
"Cole Hikutini","TE","SF",9,"","","","","","",2,1,"","","","","","","","","",3,0.8,0.5,2,66.7,0
"Chris Johnson","RB","ARI","","","",2,3,1,"","","","","","","","","","","","",6,1.5,1,5,83.3,0
"Chris Manhertz","TE","CAR",2,"","","","","","",2,"","","","","",1,1,"","","",4,0.2,0.8,2,50,0
"Chris Matthews","WR","BAL","","","",1,2,"",3,"","","","","","","","","","","",6,1,1.1,3,50,0
"Chris Moore","WR","BAL",3,"","",1,"","",7,8,"",4,"","",3,4,3,3,2,3,38,2.9,6.7,18,47.4,3
"Chester Rogers","WR","IND",1,"","","","","","",2,2,2,6,"",4,6,4,3,4,4,37,3.4,7.6,23,62.2,1
"CJ Spiller","RB","KC","","","","","","","",2,"","","","","","","","","","",2,2,0.4,0,0,0
"Chris Thompson","WR","HOU","","","","","",1,"","","","","","","",2,"","","",3,6,0.5,1.1,5,83.3,0
"C.J. Uzomah","TE","CIN",1,"","","",1,2,"",2,"",1,"","","",1,1,4,1,2,15,1.1,2.9,10,66.7,1
"Charcandrick West","RB","KC","",1,"",2,5,2,1,"",2,6,"",4,4,"",2,1,4,"",34,2.6,6.3,27,79.4,2
"Danny Amendola","WR","NE",1,7,"",5,7,8,5,4,6,"",4,9,4,4,10,4,3,7,87,5.8,14.8,61,70.1,2
"Devontae Booker","RB","DEN",2,"","","","","",6,4,3,3,1,6,2,1,2,1,8,1,38,2.9,6.7,30,78.9,0
"Daniel Brown","WR","CHI",4,"","","","","","","",1,"",3,5,3,1,2,4,1,"",20,1.4,4.2,13,65,0
"Darrell Daniels","TE","IND",3,"","",1,2,4,"",3,"","",2,"","","","","","",1,13,1.1,2.7,3,23.1,0
"David Fluellen","RB","TEN",2,"","","","","","","","","","","","","","","",1,"",1,0.1,0.2,0,0,0
"D'Onta Foreman","RB","HOU",8,"","",3,"",1,"","","",1,"",3,"","","","","","",8,0.8,1.5,6,75,0
"D.J. Foster","RB","ARI","","","","","","","","","","","",2,4,5,2,9,3,3,28,4,4.7,17,60.7,0
"Demetrius Harris","TE","KC",2,2,"","",3,3,2,3,2,1,"",1,2,"",3,2,7,4,35,2.2,6.4,18,51.4,1
"Dwayne Harris","WR","NYG","","","","","","","","","","","","","","","","","","",0,0,0,0,0,0
"De'Angelo Henderson","RB","DEN","","","","","","","","","","","","","","","","",1,1,2,0.4,0.4,2,100,1
"Derrick Henry","RB","TEN",1,"","",1,"","",1,3,"",2,3,"",2,"","",2,1,2,17,1.1,3.4,11,64.7,1
"Darrius Heyward-Bey","WR","PIT","","","","","","","",1,1,"","","","","","",1,"","",3,0.2,0.5,2,66.7,0
"David Johnson","RB","ARI",2,9,"","","","","","","","","","","","","","","","",9,9,1.5,6,66.7,0
"Daniel Lasco","RB","NO","","","","","","","","","","","","","","","","","","",0,0,0,0,0,0
"Doug Martin","RB","TB","","","","","",3,2,3,2,"",2,3,"","",3,"","","",18,1.6,3,9,50,0
"Devante Mays","RB","GB","","","","","","","","","","","","","","","","","",3,3,0.4,0.5,3,100,0
"Darren McFadden","RB","DAL","","","","","","","","","","","","","","","","","","",0,0,0,0,0,0
"David Moore","WR","SEA",2,"","","","","","","","","","","","","","","","","",0,0,0,0,0,0
"Dare Ogunbowale","RB","WAS",3,"","","","","","","","","","","","","","","","","",0,0,0,0,0,0
"Darius Powe","WR","NYG",8,"","","","","","","","","","","","","",4,"","","",4,4,0.7,2,50,0
"Demarcus Robinson","WR","KC",1,"","",2,"",1,5,8,1,2,"",3,4,3,"","","",10,39,2.4,7.2,21,53.8,0
"De'Veon Smith","RB","MIA","","","","","","","","","","","","","","","","","",3,3,0.6,0.5,3,100,0
"De'Anthony Thomas","WR","KC","",1,"",1,"",1,4,1,"",3,"",2,"","","",2,"",1,16,1,2.9,14,87.5,2
"Dwayne Washington","RB","DET",3,"","","","","","","",1,"",1,"","","","","","","",2,0.4,0.4,2,100,0
"Dede Westbrook","WR","JAX",2,"","","","","","","","","","",6,10,9,8,2,7,9,51,7.3,9.7,27,52.9,1
"DeAndrew White","WR","HOU","","","","","","","","","","","","","","",6,1,"","",7,3.5,1.3,1,14.3,0
"Damien Williams","RB","MIA",2,"","",1,2,2,3,3,2,6,3,1,5,"","","","","",28,2.5,4.7,20,71.4,1
"Danny Woodhead","RB","BAL","",3,"","","","","","","","","",6,4,2,5,7,6,6,39,4.9,6.9,33,84.6,0
"Evan Baylis","TE","HOU",10,"","","","","","","","","","","","","","","","","",0,0,0,0,0,0
"Emanuel Byrd","TE","GB","","","","","","","","","","","","","","","","","",2,2,2,0.4,2,100,0
"Ed Eagan","WR","NYG","","","","","","","","","",1,"","","","","","","","",1,0.2,0.2,0,0,0
"Elijah Hood","RB","OAK","","","","","","","","","","","","","","","","","","",0,0,0,0,0,0
"Eddie Lacy","RB","SEA","","","","","",1,"",1,"",1,"","",3,"","","","","",6,0.7,1.1,6,100,0
"Elijhaa Penny","RB","ARI",4,"","","","",1,"","","","","","","","",1,1,2,1,6,0.4,1,4,66.7,0
"Eric Saubert","TE","ATL",3,"","","","","","","","","","","","","","","","","",0,0,0,0,0,0
"Eric Tomlinson","TE","NYJ",3,2,"","",1,1,1,1,1,2,"","","","","","","",2,11,0.8,2.2,8,72.7,1
"Eric Weems","WR","TEN","","","",1,"","","",1,"","","","","","","","","","",2,0.1,0.4,1,50,0
"Freddie Martino","WR","TB","","","","","","","","","","",1,"","","",1,1,2,1,6,0.8,1,5,83.3,0
"Fitzgerald Toussaint","RB","PIT","","","","","","","","","","","","","","","","","",3,3,0.5,0.5,2,66.7,0
"Fozzy Whittaker","RB","CAR","","","","",3,"","","","","","","","","",1,"",1,1,6,0.5,1.2,5,83.3,1
"Geremy Davis","WR","LAC","","","","","","","","","","","","","","","","","","",0,0,0,0,0,0
"Gavin Escobar","TE","BAL","","","","","","","","","","","","","","","","","","",0,0,0,0,0,0
"Garrett Griffin","TE","NO",3,"","","","","","","","","","","","","","","","",1,1,0.3,0.2,1,100,0
"Gabe Holmes","TE","ARI","","","","","","","","","","","","","","","",1,"","",1,0.5,0.2,0,0,0
"Geoff Swaim","TE","DAL",2,"","","","","","",1,1,"","","","","","","","","",2,0.1,0.4,2,100,0
"Griff Whalen","WR","BAL","","","","","","","",6,"","","","","","","","","","",6,3,1.1,4,66.7,0
"Harry Douglas","WR","TEN","","","","","","","","","","","","",3,"","","","","",3,1.5,0.6,1,33.3,0
"Henry Krieger-Coble","TE","IND","","","","","","","","","","","","","","","","","","",0,0,0,0,0,0
"Hunter Sharp","WR","NYG","","","","","","","",1,"","","","","","","","",2,6,9,3,1.5,5,55.6,1
"Hakeem Valles","TE","DET","","","","","","","","","","","","","","","","","","",0,0,0,0,0,0
"Isaiah McKenzie","WR","DEN",2,"","","",2,"",2,"",1,3,"","","","","","",2,3,13,1.2,2.3,4,30.8,0
"Isaac Whitney","WR","OAK",8,"","","","","","","","","","","","",1,"","","","",1,0.5,0.2,0,0,0
"Jared Abbrederis","WR","DET","","","","","",3,4,"","","","","","","","","","","",7,1,1.2,3,42.9,0
"Joe Banyard","RB","BUF","","","","","","","","","","","","","","","","","","",0,0,0,0,0,0
"Jace Billingsley","WR","DET","","","","","","","","","","","","","","","","","","",0,0,0,0,0,0
"John Brown","WR","ARI",3,9,"","",7,7,4,4,"",4,6,6,"","","","",4,4,55,5.5,9.2,21,38.2,3
"Jehu Chesson","WR","KC","","","","","","","","","",1,"","","","","","","",3,4,0.3,0.7,2,50,0
"James Conner","RB","PIT",2,"","","","",1,"","","","","","","","","","","","",1,0.1,0.2,0,0,0
"Jeff Cumberland","TE","LAC",5,"","","","","","","","","","",1,"","",2,"","","",3,0.4,0.5,2,66.7,0
"Justin Davis","RB","LAR",5,"","","","","","","","","","","","","","","","","",0,0,0,0,0,0
"Jim Dray","TE","ARI","","","","","","","","","","","","","","","","","","",0,0,0,0,0,0
"Josh Ferguson","RB","IND","","","","","","","","","","","","","",3,"",1,"","",4,0.4,0.8,3,75,0
"Jalston Fowler","RB","TEN","","","","","",1,"","","","","","","","","","","","",1,0.1,0.2,0,0,0
"Josh Gordon","WR","CLE","","","","","","","","","","","","","",11,6,11,8,7,43,8.6,7.5,18,41.9,1
"Jakeem Grant Sr.","WR","MIA",2,"","",1,"",2,1,"",2,"","","","","",4,1,6,5,22,1.4,3.7,13,59.1,2
"Jermaine Gresham","TE","ARI","",4,"",9,3,2,2,3,"",3,7,1,3,3,2,"",1,3,46,3.3,7.7,33,71.7,2
"James Hanna","TE","DAL","","","","",1,1,"","","",1,"","","","",1,1,"",2,7,0.4,1.4,4,57.1,1
"Justin Hardee","WR","NO",3,"","","","","","","","","","","","","","","","","",0,0,0,0,0,0
"Johnny Holton","WR","OAK","","","","",1,"","","","",1,"",2,2,7,4,"","",1,18,1.1,3.2,9,50,3
"Justin Hunter","WR","PIT","","","","",2,3,"","",3,"","","",1,"","","",1,"",10,1.4,1.7,4,40,1
"Jeff Janis","WR","GB","","","","","","","","","","","","","","","","",2,3,5,0.3,0.9,2,40,0
"Jordan Leslie","WR","CLE","","","",1,"","","","","","","","","","","","","","",1,0.5,0.2,1,100,0
"Josh Malone","WR","CIN",7,"","","","","","",1,3,4,1,"",1,2,1,3,1,"",17,1.5,3.3,6,35.3,1
"J.D. McKissic","RB","SEA",2,"","","",1,5,"",2,2,3,5,6,7,3,5,4,"",3,46,3.5,8.3,34,73.9,2
"Jeremy McNichols","RB","SF",2,"","","","","","","","","","","","","","","","","",0,0,0,0,0,0
"Jaydon Mickens","WR","JAX",3,"","","","","","","","","",2,"","","","",5,4,"",11,1.1,2.1,6,54.5,2
"Johnny Mundt","TE","LAR",4,"","","","","","","","","","","","","","","","","",0,0,0,0,0,0
"JoJo Natson","WR","NYJ",3,"","","","","","","","","","","",1,"","",2,"",2,5,0.7,1,2,40,0
"Jordy Nelson","WR","GB","",8,"",9,7,4,10,4,"",7,4,6,5,8,5,6,5,"",88,5.9,15.7,53,60.2,6
"James O'Shaughnessy","TE","JAX",1,1,"",1,1,1,3,1,"",1,"",1,2,1,1,2,6,2,24,1.5,4.6,14,58.3,1
"John Phillips","TE","NO","","","","","","","","","","","","","","","","","","",0,0,0,0,0,0
"Jacquizz Rodgers","RB","TB","","","","",3,1,1,1,1,"","","",2,"","","","",2,11,0.7,1.8,9,81.8,0
"John Ross","WR","CIN",3,"","","","","","","",1,"",1,"","","","","","","",2,0.7,0.4,0,0,0
"Jeremy Sprinkle","TE","WAS",3,"","","","","","","","",1,"",1,"","","","",1,"",3,0.3,0.6,2,66.7,1
"Jaelen Strong","WR","JAX","","","","","","","","","","","","","","","","",4,"",4,2,0.8,3,75,1
"Jordan Taylor","WR","DEN","","","","","","",4,2,3,"","",1,"","","","",2,8,20,2,3.5,13,65,0
"Jordan Todman","RB","HOU","","","","","","","","","","","","","","","","","","",0,0,0,0,0,0
"Jarveon Williams","RB","CIN",6,"","","","","","","","","","","","","","","","","",0,0,0,0,0,0
"Jesus Wilson","WR","TB","","","","","","","","","","","","","","","","",1,"",1,0.3,0.2,1,100,1
"Kenjon Barner","RB","PHI","","","","","","",2,"",2,"","",1,1,1,"","","",1,8,0.6,1.4,5,62.5,0
"Kapri Bibbs","RB","WAS",13,"","","","","","","","","","","","","","",4,4,9,17,5.7,3.1,14,82.4,1
"Kendrick Bourne","WR","SF",1,"","","","","","",2,2,6,3,"",2,1,2,6,5,5,34,3.1,5.6,16,47.1,0
"KJ Brent","WR","IND","","","","","","","","","","","","","","","","","",1,1,0.2,0.2,0,0,0
"Kyle Carter","TE","MIN","","","","","","","","","","","","","","","","","","",0,0,0,0,0,0
"Kaelin Clay","WR","CAR","","","",2,2,1,"","","",1,1,"",3,1,1,2,4,2,20,1.5,4,6,30,0
"Kenyan Drake","RB","MIA",2,"","",2,3,"","","",1,6,2,2,4,5,6,11,3,3,48,3,8,32,66.7,1
"Krishawn Hogan","WR","IND",9,"","","","","","","","","","","","","","","","","",0,0,0,0,0,0
"Khari Lee","TE","BUF","","","","","","","","","","","","","","","","","","",0,0,0,0,0,0
"Kalif Raymond","WR","NYG",1,"","","","","","","","","","",1,"","","","","","",1,0.1,0.2,1,100,0
"Kevin White","WR","CHI",3,4,"","","","","","","","","","","","","","","","",4,4,0.8,2,50,0
"Kerwynn Williams","RB","ARI","",1,"","",1,"","",4,"","","",2,1,"",1,1,3,1,15,0.9,2.5,10,66.7,0
"Kasen Williams","WR","CLE","",2,"",2,2,5,6,1,"","","","","","","","","","",18,2.6,3.1,9,50,0
"Leonte Carroo","WR","MIA","","","",2,"","",3,1,8,"","","","","","","","","",14,1,2.3,7,50,0
"Leshun Daniels Jr.","RB","WAS","","","","","","","","","","","","","","","","","","",0,0,0,0,0,0
"Lance Dunbar","RB","LAR","","","","","","","","","","",1,"","","","","","",2,3,0.8,0.6,1,33.3,0
"Lance Kendricks","TE","GB","",4,"",3,1,1,"","","",3,2,4,"",1,5,2,9,"",35,2.2,6.2,18,51.4,1
"Lance Lenoir","WR","DAL","","","","","","","","","","","","","","","","","","",0,0,0,0,0,0
"Louis Murphy","WR","SF","","","","","","","","","","",2,"",4,6,2,"",1,2,17,2.4,2.8,8,47.1,1
"Latavius Murray","RB","MIN",2,"","","",2,2,1,"",1,"","",2,1,3,2,1,1,1,17,1.1,3.2,15,88.2,0
"Logan Paulsen","TE","SF","","","","",1,"","","","","","","","","","",1,"","",2,0.1,0.3,0,0,0
"Larry Pinkard","WR","JAX",9,"","","","","","","","","","","","","",1,"","","",1,0.2,0.2,1,100,0
"Luke Stocker","TE","TEN",2,"","","","","",1,"","",2,"","","","","",1,"",1,5,0.4,1,4,80,1
"Logan Thomas","TE","BUF",1,"","","","",2,"",1,1,3,"","","",2,"","","","",9,0.8,1.9,7,77.8,1
"Lawrence Thomas","RB","NYJ",4,"","",1,"","",1,"",2,"","","",1,"",1,"",1,"",7,0.5,1.4,6,85.7,0
"Levine Toilolo","TE","ATL",4,1,"","",3,"","","",3,1,1,2,"",2,1,"","","",14,0.9,2.6,12,85.7,1
"Mack Brown","RB","MIN","","","","","","",1,"","","","","","","","","","","",1,0.2,0.2,1,100,0
"Marquis Bundy","WR","NYG","","","","","","","","","","","","","","","","","",3,3,3,0.5,0,0,0
"Michael Campanaro","WR","BAL",5,"","",2,6,1,5,3,"","","","","","",3,1,2,4,27,2.1,4.8,19,70.4,1
"Michael Clark","WR","GB","","","","","","","","","","","","","","","","",9,5,14,7,2.5,4,28.6,0
"Mike Davis","RB","SEA",1,"","","","","","","","","","",2,"",4,2,2,5,3,18,3,3.2,15,83.3,0
"Matt Dayes","RB","CLE","",2,"","","","","","",1,"","",2,"","","","","","",5,0.3,0.9,4,80,0
"Michael Floyd","WR","MIN","","","","","",1,3,"",1,"","",2,1,2,2,1,1,3,17,1.5,3.2,10,58.8,0
"Mose Frazier","WR","CAR","","","","","","","","","","","","","","","","","","",0,0,0,0,0,0
"Mike Gillislee","RB","NE","","","","","","","","","","","","","","","","",1,"",1,0.1,0.2,1,100,0
"MarQueis Gray","TE","MIA","","","","","",1,"","","","","",1,"","",1,"","","",3,0.2,0.5,1,33.3,0
"Marvin Hall","WR","ATL",6,"","","","","",2,"","","",2,1,"",2,1,"",1,"",9,1.1,1.7,2,22.2,1
"Maurice Harris","WR","WAS","","","","","","","","","","",3,"",2,1,"","","","",6,1,1.1,4,66.7,1
"Matt Hazel","WR","CLE","",1,"","","","","","","","","","","","","","","","",1,0.3,0.2,1,100,0
"Marcus Johnson","WR","PHI",3,"","","",1,1,1,1,"",1,"","","","","","","",3,8,0.8,1.4,5,62.5,0
"Matt Jones","RB","IND","","","","","","","","","","","","","","","","","","",0,0,0,0,0,0
"Marcus Kemp","WR","KC",2,"","","","","","","","","","","","","","","","","",0,0,0,0,0,0
"Matt LaCosse","TE","DEN",4,"","","","","",1,"","","","","","","","","","","",1,0.2,0.2,0,0,0
"Matt Lengel","TE","CLE","","","","","","","","","","","","","","","","","","",0,0,0,0,0,0
"Maxwell McCaffrey","WR","SF","","","","","",1,"","","","","","","","","","","","",1,0.2,0.2,1,100,0
"Marcus Murphy","RB","BUF","","","","","","","","","","","","","","","","","",2,2,2,0.4,2,100,0
"MyCole Pruitt","TE","HOU",3,"","","","","","","","","","","","","","","","","",0,0,0,0,0,0
"Michael Roberts","TE","DET",4,"","","",1,"","","",2,"","","","",1,2,"",1,"",7,0.5,1.2,4,57.1,0
"Matthew Slater","WR","NE",2,"","","","","","","","","","","","","","","","","",0,0,0,0,0,0
"Mike Thomas","WR","LAR",2,"","","","","","","","","","",1,"","",1,"",1,4,7,0.9,1.4,5,71.4,0
"Markus Wheaton","WR","CHI","","","",2,3,4,"","","","","",2,1,"","",4,"",1,17,1.5,3.6,3,17.6,0
"Mike Williams","WR","LAC",1,"","","","","",1,2,2,"",2,8,"","",3,1,3,1,23,2.3,3.9,11,47.8,0
"Noah Brown","WR","DAL",2,"","",1,"","","","","","","",1,"",1,2,1,2,1,9,0.7,1.8,4,44.4,0
"Nick O'Leary","TE","BUF","",2,"",1,"",6,"",2,3,5,2,3,2,"",1,2,1,2,32,2.1,6.7,22,68.8,2
"Niles Paul","TE","WAS","","","",1,1,"","",1,"","","",2,5,3,1,2,2,2,20,1.4,3.7,13,65,0
"Nick Vannett","TE","SEA",4,1,"","","",2,"",1,1,"",2,"",4,3,1,"","","",15,1,2.7,12,80,1
"Nick Williams","WR","ATL","","","","",4,"","","","","","","","","","","","","",4,4,0.8,3,75,0
"Orson Charles","TE","KC","","","","","","","","","","","","","","","",1,1,"",2,0.4,0.4,2,100,0
"Peyton Barber","RB","TB",3,"","","","","","","","",3,"",2,"",4,1,3,2,4,19,1.2,3.1,16,84.2,0
"Pharaoh Brown","TE","OAK",2,"","","","","","","","","","","","","","","","","",0,0,0,0,0,0
"Pharoh Cooper","WR","LAR",4,1,"",1,"",4,"","","",1,2,1,2,1,2,"","",4,19,1.2,3.7,11,57.9,0
"Phillip Supernaw","TE","TEN","","","",1,"",2,1,"","","","","","",1,1,"","","",6,0.4,1.2,4,66.7,1
"Quincy Adeboyejo","WR","BAL","","","","","","","","","","","","","","","","","","",0,0,0,0,0,0
"Quan Bray","WR","IND","",1,"",1,"","","",2,"","","","","","","","","","",4,0.4,0.8,3,75,0
"Quinton Dunbar","WR","WAS",2,"","","","","","","","","","","","","","","","","",0,0,0,0,0,0
"Robert Davis","WR","WAS","","","","","","","","","","","","","","","","","","",0,0,0,0,0,0
"Ryan Griffin","TE","HOU",4,1,"",6,5,4,8,"",2,"","","","","","","","","",26,3.7,5,13,50,1
"Ryan Hewitt","TE","CIN","","","","",1,"","","","","","","","","",1,"","","",2,0.2,0.4,2,100,0
"Rob Kelley","RB","WAS","",1,"","",1,"","",2,1,"",2,"","","","","","","",7,1,1.3,4,57.1,0
"Ryan Malleck","TE","HOU","","","","","","","","","","","","","","","","",1,"",1,0.5,0.2,1,100,0
"Raheem Mostert","RB","SF",1,"","","","","","","","","","","","","","","","","",0,0,0,0,0,0
"Roosevelt Nix","RB","PIT","","","","","","","","","","","","","",1,1,"","",1,3,0.2,0.5,2,66.7,1
"Ryan O'Malley","TE","NYG","","","","","","","","","","","","","","","","","","",0,0,0,0,0,0
"Rashawn Scott","WR","MIA","","","","","","","","","","","","","","","","","","",0,0,0,0,0,0
"Ricky Seals-Jones","TE","ARI",2,"","","","",1,"","","","","",5,6,5,3,6,1,1,28,3.1,4.7,12,42.9,3
"Rod Smith","RB","DAL","","","","","",1,"",2,"","",6,"",2,1,5,3,3,"",23,1.5,4.7,19,82.6,1
"Ryan Switzer","WR","DAL",2,"","","","","","",1,1,"","","","","","","","",5,7,0.4,1.4,6,85.7,0
"Stephen Anderson","TE","HOU",3,5,"",3,2,2,2,"",2,6,3,3,"",12,6,3,1,2,52,3.5,9.9,25,48.1,1
"Stacy Coley","WR","MIN",14,"","","","","",1,"","","","","","","","","","","",1,0.2,0.2,0,0,0
"Sean Culkin","TE","LAC",11,"","","","","","","","","","","","","","","","","",0,0,0,0,0,0
"Shelton Gibson","WR","PHI","","","","","","","","","","","","","","","","","",3,3,0.6,0.5,2,66.7,0
"Senorise Perry","RB","MIA","","","","","","","","","","","","","","","","","",1,1,0.1,0.2,1,100,0
"Stevan Ridley","RB","PIT","","","","","","","","","","","","","","","","","","",0,0,0,0,0,0
"Tyler Boyd","WR","CIN",1,4,"",1,2,2,"","","","","",1,2,3,4,"",6,7,32,3.2,6.3,22,68.8,2
"Travaris Cadet","RB","BUF","","","","","","",3,"","","","",6,3,5,"",1,1,"",19,2.1,4,16,84.2,0
"Trey Edmunds","RB","NO",4,"","","","","","","","","","","","","","","","","",0,0,0,0,0,0
"Tion Green","RB","DET",7,"","","","","","","","","","","","","","","","",2,2,0.4,0.4,2,100,0
"Taiwan Jones","RB","BUF",4,"","","","","","",2,"","","","","","","","","","",2,0.2,0.4,1,50,0
"TJ Jones","WR","DET","",4,"",3,5,4,9,"",8,2,3,5,"","",3,3,"","",49,3.5,8.6,30,61.2,1
"Tavarres King","WR","NYG","","","","","","",3,3,"",6,4,5,4,9,"",3,"","",37,4.6,6.1,18,48.6,3
"Tyler Kroft","TE","CIN",1,1,"",4,7,5,"",4,6,2,6,3,4,2,1,4,5,8,62,3.9,12.2,42,67.7,7
"Tre Madden","RB","SEA","","","","","","","",1,1,"","","","","","","","","",2,0.2,0.4,2,100,0
"Terrence Magee","RB","ATL","","","","","","","","","","","","","","","","","","",0,0,0,0,0,0
"Tre McBride","WR","CHI","","","","","",1,"","",5,"",1,2,6,"","","","","",15,1.9,3.2,8,53.3,0
"Taquan Mizzell","RB","CHI",11,"","","","","","","","","","","","","","","","","",0,0,0,0,0,0
"Thomas Rawls","RB","SEA","","","","","",3,"",2,1,2,2,"","","","","","",3,13,1.1,2.3,9,69.2,0
"Travis Rudolph","WR","NYG","","","","","","",1,6,"","","",6,2,"","","",2,4,21,3,3.5,8,38.1,0
"Tyrone Swoopes","TE","SEA",12,"","","","","","","","","","","","","","","","","",0,0,0,0,0,0
"Terron Ward","RB","ATL","","","","","","","","","","","",1,1,"","",1,"","",3,0.2,0.6,3,100,0
"Terrell Watson","RB","PIT","","","","","","","","","","","","","","","","","","",0,0,0,0,0,0
"T.J. Yeldon","RB","JAX","","","","","","","",2,"",4,8,2,6,2,"",5,10,2,41,4.1,7.8,30,73.2,0
"Victor Bolden","WR","SF",8,"","","","","","","","","","","","","","","","","",0,0,0,0,0,0
"Vince Mayle","WR","BAL","","","","","","",1,"","","","","","","","","","","",1,0.1,0.2,0,0,0
"Vance McDonald","TE","PIT","",1,"","",1,2,2,3,"","",2,"","","",6,"",5,2,24,2.4,4.1,14,58.3,1
"William Fuller V","WR","HOU",1,"","","",6,3,5,"",8,8,3,"","","",5,5,5,2,50,5,9.5,28,56,7
"Wayne Gallman","RB","NYG",3,"","","",2,5,3,3,"",1,1,4,2,1,9,7,8,2,48,3.7,7.9,34,70.8,1
"Willie Snead IV","WR","NO",2,"","","","","",3,"","","","",2,1,2,2,3,3,"",16,1.5,3,8,50,0
"Xavier Grimble","TE","PIT",5,"","","","","","",1,"","","","",1,3,2,1,"",1,9,0.6,1.5,5,55.6,1
"Zach Zenner","RB","DET","","","","","","",1,"","","","","","","","","","","",1,0.1,0.2,0,0,0